<?xml version="1.0" encoding="UTF-8" standalone="no"?>
<BlockMap xmlns="http://schemas.microsoft.com/appx/2010/blockmap" HashMethod="http://www.w3.org/2001/04/xmlenc#sha256"><File Name="ReadMe.html" Size="339" LfhSize="41"><Block Hash="PK7KQ0jEKrCkCBGBfE2BS9P31YPawLmGRkdACoQOCJc=" Size="199"/></File><File Name="App.png" Size="9570" LfhSize="37"><Block Hash="nyjBQ3picbo3Ny/b6ld6BfjYlNYo2VHNpQU11P+JtUQ="/></File><File Name="Solfeggio.exe" Size="351232" LfhSize="43"><Block Hash="WjZvroS2gLvPub2ylYEQUtDujzjram8fYIYKsDvnKJM=" Size="62953"/><Block Hash="qRHjndzELdmmWB0cfPBVxqW+mIrPqg8MewH70kRELdk=" Size="65519"/><Block Hash="DgFwI9DeQktrcnckOvFZRH0gCQeh9xANQerF732QaMA=" Size="65179"/><Block Hash="yRL30/agB0XobqBYh23FfHfV/U3ZHwCWU9ARDRufXSc=" Size="65091"/><Block Hash="J964H0gFwTJBA005nG0l+2+YIGUlU2l5J3QeOEqIEv0=" Size="64510"/><Block Hash="zXlr16NIP8ct5Ga8L8Tuy2LoDRX2STjuOw/Oggn6d3s=" Size="11370"/></File><File Name="AppxManifest.xml" Size="1556" LfhSize="46"><Block Hash="2QZszUi9SprLV3oO4xbGce50K5PMf4J+D2LjtaEwPPQ=" Size="760"/></File></BlockMap>